feature0,prediction,probability
0.1,1,0.6147821
0.5,1,0.6125222
-1.2,1,0.6062346
